<?xml version="1.0" encoding="UTF-8"?>
<beans xmlns="http://www.springframework.org/schema/beans"
	xmlns:ctx="http://www.springframework.org/schema/context"
	xmlns:xsi="http://www.w3.org/2001/XMLSchema-instance"
	xmlns:mvc="http://www.springframework.org/schema/mvc"
	xsi:schemaLocation="http://www.springframework.org/schema/beans 
	http://www.springframework.org/schema/beans/spring-beans.xsd
	http://www.springframework.org/schema/mvc
	http://www.springframework.org/schema/mvc/spring-mvc.xsd
	http://www.springframework.org/schema/context
	http://www.springframework.org/schema/context/spring-context.xsd ">
	<ctx:annotation-config></ctx:annotation-config>	
	
	<ctx:component-scan base-package="com.niit"></ctx:component-scan>
	<mvc:resources mapping="/resources/**" location="/resources/" />	
	    <mvc:annotation-driven />	    
	    <mvc:default-servlet-handler/>	
	<bean class="org.springframework.web.servlet.view.InternalResourceViewResolver">
		<property name="prefix" value="/WEB-INF/view/"/>
	<property name="suffix" value=".jsp"/>
	</bean>
	<bean id="multipartResolver" class="org.springframework.web.multipart.commons.CommonsMultipartResolver">
	<property name="maxUploadSize" value="100000"/>
</bean>
</beans>