<?xml version="1.0" encoding="UTF-8"?>

<beans xsi:schemaLocation="http://www.springframework.org/schema/beans
	 http://www.springframework.org/schema/beans/spring-beans.xsd
     http://www.springframework.org/schema/security
     http://www.springframework.org/schema/security/spring-security.xsd
     http://www.springframework.org/schema/context
     http://www.springframework.org/schema/context/spring-context.xsd" 
     xmlns:security="http://www.springframework.org/schema/security" 
     xmlns:xsi="http://www.w3.org/2001/XMLSchema-instance"
     xmlns="http://www.springframework.org/schema/beans"
     xmlns:context="http://www.springframework.org/schema/context"
     >
     
<context:component-scan base-package="com.niit.config"></context:component-scan>
    
<security:http use-expressions="true" auto-config="true">
<security:csrf disabled="true"/>
<!--<security:intercept-url access="hasRole('ROLE_ADMIN')" pattern="/admin/**"/>
<security:intercept-url access="hasRole('ROLE_USER')" pattern="/cart/**"/>
<security:intercept-url access="permitAll" pattern="/**"/>  -->
<security:form-login authentication-failure-url="/Login?error" default-target-url="/Home" login-processing-url="/j_spring_security_check" password-parameter="j_password" username-parameter="j_username" login-page="/Login"/>
<security:logout logout-url="/j_spring_security_logout" logout-success-url="/Login?logout"/>
</security:http>
<security:authentication-manager>
<security:authentication-provider>

      <security:jdbc-user-service 
      data-source-ref="dataSource" 
      authorities-by-username-query="SELECT username,role FROM User where username=?"
      users-by-username-query="SELECT username,userpassword,enabled FROM User where username=?"
      />
      
    <!--   <security:user-service>
      <security:user name="mano" password="12345" authorities="ROLE_ADMIN"/>
      </security:user-service>-->
</security:authentication-provider>
</security:authentication-manager>
</beans>